781485991&oldid=781485758,Mr. Guye
edit,-93,Bhadreswar, Hooghly,https://en.wikipedia.org/w/index.php?diff=781485896&oldid=769295245,116.206.223.90
edit,0,Houston and Killellan,https://en.wikipedia.org/w/index.php?diff=781485667&oldid=779990234,Useddenim
edit,-11,Draft:Watch the Skies,https://en.wikipedia.org/w/index.php?diff=781485966&oldid=781485546,Docjarhead
edit,36,Jinder Mahal,https://en.wikipedia.org/w/index.php?diff=781485745&oldid=781399030,98.114.92.4
edit,24,Port Authority of Valencia,https://en.wikipedia.org/w/index.php?diff=781485827&oldid=775539113,Novarupta
edit,23,Baqi Tashqandi,https://en.wikipedia.org/w/index.php?diff=781486035&oldid=778909270,117.212.46.102
edit,37,Grand Duchess Kira Kirillovna of Russia,https://en.wikipedia.org/w/index.php?diff=781485705&oldid=779882052,Simonc30
edit,3,User:Xinyang Aliciabritney/sandbox6,https://en.wikipedia.org/w/index.php?diff=781485925&oldid=781485868,Xinyang Aliciabritney
edit,75,Sizzy Rocket,https://en.wikipedia.org/w/index.php?diff=781485742&oldid=781422770,DatGuy
edit,-12,Hans Lang (Austrian composer),https://en.wikipedia.org/w/index.php?diff=781485708&oldid=741551849,Lord Cornwallis
edit,1,Nicrophorus interruptus,https://en.wikipedia.org/w/index.php?diff=781485665&oldid=781485429,Hectonichus
edit,1,Nolamba dynasty,https://en.wikipedia.org/w/index.php?diff=781485786&oldid=781485747,Abhijeet Ghewarey
edit,19,Church of Reinhardtsgrimma,https://en.wikipedia.org/w/index.php?diff=781486030&oldid=781485969,Xaosflux
edit,25,Skinquarter, Virginia,https://en.wikipedia.org/w/index.php?diff=781485772&oldid=779972527,DatGuy
edit,-93,Bhadreswar, Hooghly,https://en.wikipedia.org/w/index.php?diff=781485943&oldid=781485896,116.206.223.90
edit,99,Talk:Sarah Sechan,https://en.wikipedia.org/w/index.php?oldid=781485758&rcid=944472802,Mr. Guye
edit,-36,Template:Bandai Namco crossover games,https://en.wikipedia.org/w/index.php?diff=781486003&oldid=781409627,LG-Gunther
